Marca temporal,1. ¿Cuál es tu edad?,2. ¿Cuál o cuáles son tus lenguas maternas?,3. ¿Qué lenguas comprendes y a qué nivel? [Inglés],3. ¿Qué lenguas comprendes y a qué nivel? [Francés],3. ¿Qué lenguas comprendes y a qué nivel? [Portugués],3. ¿Qué lenguas comprendes y a qué nivel? [Italiano],3. ¿Qué lenguas comprendes y a qué nivel? [Rumano],3. ¿Qué lenguas comprendes y a qué nivel? [Catalán],3. ¿Qué lenguas comprendes y a qué nivel? [Gallego],4. ¿Sabes algo de euskera o la gente de tu entorno habla euskera? ,"5. Si la respuesta anterior es afirmativa, ¿cómo has conseguido esos conocimientos? Por ejemplo: porque mi familia es euskaldun, porque voy a veranear a Lekeitio...",6. ¿Tienes conocimientos sobre la intercomprensión?,7. ¿Crees que es posible comprender una conversación en euskera sin haber aprendido/estudiado esta lengua previamente?,8. ¿Dónde tiene lugar el diálogo que has visto en el vídeo?,9. Resume brevemente qué ocurre.,10. Valora del 0 al 5 (siendo 0 el valor mínimo y 5 el valor máximo) en qué medida los siguientes elementos te han ayudado a comprender el vídeo: [Parecido lingüístico con lenguas que conozco (por ejemplo: estructuras de las preguntas).],"10. Valora del 0 al 5 (siendo 0 el valor mínimo y 5 el valor máximo) en qué medida los siguientes elementos te han ayudado a comprender el vídeo: [Proximidad léxica: palabras parecidas, nombres propios...]","10. Valora del 0 al 5 (siendo 0 el valor mínimo y 5 el valor máximo) en qué medida los siguientes elementos te han ayudado a comprender el vídeo: [Gestos: con las manos, expresividad con la cara...]","10. Valora del 0 al 5 (siendo 0 el valor mínimo y 5 el valor máximo) en qué medida los siguientes elementos te han ayudado a comprender el vídeo: [Situación de comunicación: el lugar, los personajes.]","10. Valora del 0 al 5 (siendo 0 el valor mínimo y 5 el valor máximo) en qué medida los siguientes elementos te han ayudado a comprender el vídeo: [Entonación: las preguntas, las afirmaciones...]",10. Valora del 0 al 5 (siendo 0 el valor mínimo y 5 el valor máximo) en qué medida los siguientes elementos te han ayudado a comprender el vídeo: [Conocimientos extralingüísticos: conocimientos científicos y culturales generales],11. ¿Dónde tiene lugar el diálogo que has visto en el vídeo?,12. Resume brevemente qué ocurre.,13. Valora del 0 al 5 (siendo 0 el valor mínimo y 5 el valor máximo) en qué medida los siguientes elementos te han ayudado a comprender el vídeo: [Parecido lingüístico con lenguas que conozco (por ejemplo: estructuras de las preguntas).],"13. Valora del 0 al 5 (siendo 0 el valor mínimo y 5 el valor máximo) en qué medida los siguientes elementos te han ayudado a comprender el vídeo: [Proximidad léxica: palabras parecidas, nombres propios..]","13. Valora del 0 al 5 (siendo 0 el valor mínimo y 5 el valor máximo) en qué medida los siguientes elementos te han ayudado a comprender el vídeo: [Gestos: con las manos, expresividad con la cara...]","13. Valora del 0 al 5 (siendo 0 el valor mínimo y 5 el valor máximo) en qué medida los siguientes elementos te han ayudado a comprender el vídeo: [Situación de comunicación: el lugar, los personajes.]","13. Valora del 0 al 5 (siendo 0 el valor mínimo y 5 el valor máximo) en qué medida los siguientes elementos te han ayudado a comprender el vídeo: [Entonación: las preguntas, las afirmaciones, los suspiros...]",13. Valora del 0 al 5 (siendo 0 el valor mínimo y 5 el valor máximo) en qué medida los siguientes elementos te han ayudado a comprender el vídeo: [Conocimientos extralingüísticos: conocimientos científicos y culturales generales],14. ¿Dónde tiene lugar el diálogo que has visto en el vídeo?,15. Resume brevemente qué ocurre.,16. Valora del 0 al 5 (siendo 0 el valor mínimo y 5 el valor máximo) en qué medida los siguientes elementos te han ayudado a comprender el vídeo: [Parecido lingüístico con lenguas que conozco (por ejemplo: estructuras de las preguntas).],"16. Valora del 0 al 5 (siendo 0 el valor mínimo y 5 el valor máximo) en qué medida los siguientes elementos te han ayudado a comprender el vídeo: [Proximidad léxica: palabras parecidas, nombres propios..]","16. Valora del 0 al 5 (siendo 0 el valor mínimo y 5 el valor máximo) en qué medida los siguientes elementos te han ayudado a comprender el vídeo: [Gestos: con las manos, expresividad con la cara...]","16. Valora del 0 al 5 (siendo 0 el valor mínimo y 5 el valor máximo) en qué medida los siguientes elementos te han ayudado a comprender el vídeo: [Situación de comunicación: el lugar, los personajes.]","16. Valora del 0 al 5 (siendo 0 el valor mínimo y 5 el valor máximo) en qué medida los siguientes elementos te han ayudado a comprender el vídeo: [Entonación: el tono, las afirmaciones...]",16. Valora del 0 al 5 (siendo 0 el valor mínimo y 5 el valor máximo) en qué medida los siguientes elementos te han ayudado a comprender el vídeo: [Conocimientos extralingüísticos: conocimientos científicos y culturales generales],"17. ¿Después de haber visto los vídeos, crees que es posible comprender una conversación en euskera sin haber aprendido/estudiado esta lengua previamente?",Puntuación
30/05/2022 21:53:03,Entre 20 y 25 años.,Español.,La entiendo y la hablo bien,"La entiendo bien (oral y escrito), pero no la hablo",La leo y la entiendo fácilmente (escrito),La leo y la entiendo fácilmente (escrito),"No la entiendo, ni la leo",Entiendo lo escrito de manera global,Entiendo lo escrito de manera global,No,,Sí,No estoy de acuerdo.,"En algún sitio donde hay q matricularse, la cola del paro alomejor o un hospital ",Este hombre viene a apuntarse a algo y la secretaria le pregunta una lista de preguntas para tener la mayor información posible,0,3,2,4,4,4,En la cocina/salón de una casa familiar ,Están haciendo una lista de los ingredientes para hacer una tortilla,0,2,1,4,3,3,En un pueblo fuera de ciudad ,El hombre explica cómo funciona el consumo de agua y calefacción en su casa ,1,2,1,4,3,5,No estoy de acuerdo.,
30/05/2022 21:53:16,Entre 20 y 25 años.,Español.,"La entiendo y la hablo bien, La entiendo bien (oral y escrito), pero no la hablo, La leo y la entiendo fácilmente (escrito), Entiendo lo escrito de manera global","La entiendo bien (oral y escrito), pero no la hablo, La leo y la entiendo fácilmente (escrito)",,,,,,No,,No,No estoy de acuerdo en absoluto.,NOEn la oficina de un centro público,NOLos adultos acuden para matricular a su hijo de 2 años,0,0,5,0,2,2,Ni puta idea,Ni puta idea,0,0,0,0,0,0,En su hogar,Explica los beneficios del autoconsumo por energía geotérmica,0,1,0,2,2,1,No estoy de acuerdo en absoluto.,
30/05/2022 21:54:10,Entre 20 y 25 años.,"Español., Francés.","No la entiendo, ni la leo",La entiendo y la hablo bien,"La entiendo bien (oral y escrito), pero no la hablo","La entiendo bien (oral y escrito), pero no la hablo","No la entiendo, ni la leo",La leo y la entiendo fácilmente (escrito),La leo y la entiendo fácilmente (escrito),Sí,He estudiado euskera durante un año ,No,No estoy de acuerdo en absoluto.,en un instituto/ universidad,el chico quiere matricularse y le está dando sus datos,1,5,3,4,4,0,En una cocina,Están haciendo la lista de la compra,0,2,1,1,1,0,En su casa,Habla de una instalación que hay en su casa,1,2,1,1,1,1,No estoy de acuerdo en absoluto.,
30/05/2022 21:54:51,Entre 20 y 25 años.,Español.,"La entiendo bien (oral y escrito), pero no la hablo","No la entiendo, ni la leo","No la entiendo, ni la leo",Entiendo lo escrito de manera global,"No la entiendo, ni la leo",Entiendo lo escrito de manera global,Entiendo lo escrito de manera global,Sí,Familia eukalduna,Sí,No estoy de acuerdo.,En una oficina,Carmelo le da sus datos a una secretaria. ,5,5,5,5,5,5,En una cocina,Quieren hacer tortilla de patata y están haciendo la lista de la compra ,5,3,5,5,5,3,En el jardín de una casa,Un hombre habla del sistema de geotermia que tiene en su casa,4,4,4,5,5,1,Estoy bastante de acuerdo.,
30/05/2022 21:56:34,Entre 20 y 25 años.,Español.,La entiendo y la hablo bien,,,La entiendo y la hablo bien,,,,No,,Sí,No estoy de acuerdo.,Supongo que sucede en una escuela o algo parecido ,La pareja va a un centro para que el chico pueda matricularse y la persona que les atiende le está pidiendo sus datos. ,2,3,5,5,3,3,En la cocina de una casa ,"El chico regreso de la universidad, ve que llueve y mientras habla con la chica, ella le propone preparar una patata, hicieron una lista de lo que les faltaba para ir a comprarlo ",2,3,4,5,3,5,"En un pueblo, en la casa d ela persona ",Creo que habla sobre cómo se ha instalado la calefacción en casa y como su idea se expandió (?) ,0,1,0,2,0,2,Estoy bastante de acuerdo.,
30/05/2022 22:06:13,Entre 20 y 25 años.,Español.,La entiendo y la hablo bien,La leo y la entiendo fácilmente (escrito),Entiendo lo escrito de manera global,"No la entiendo, ni la leo","No la entiendo, ni la leo",Entiendo lo escrito de manera global,Entiendo lo escrito de manera global,No,,No,No estoy de acuerdo.,NOLa oficina de una guarderia,NOUn padre y una madre entran a una guardería para matricular a sus dos hijos,2,1,3,4,5,1,En la cocina de una casa,"La hija de la chica ha entrado en la universidad y la madre quiere hacerle una tortilla de patata como sorpresa. Jose le ayuda dandole la receta porque segun el, le sale muy bien",2,5,1,3,2,1,En la casa del entrevistado,"Un chico explica como funciona un sistema de calefaccion geotermica, su precio, sus ventajas y la situacion en otros paises como Suecia o Noruega",2,4,1,3,3,4,No estoy de acuerdo.,
30/05/2022 22:06:50,Entre 20 y 25 años.,Español.,La entiendo y la hablo bien,La entiendo y la hablo bien,La leo y la entiendo fácilmente (escrito),"La entiendo bien (oral y escrito), pero no la hablo","No la entiendo, ni la leo","La entiendo bien (oral y escrito), pero no la hablo",La leo y la entiendo fácilmente (escrito),No,,No,No estoy de acuerdo.,En una oficina para trámites burocráticos ,"Va a hacer una matrícula y le toman distintos datos al chico (apellidos, dirección...)",0,4,5,3,2,4,En una cocina ,Están preparando una receta de tortilla de patata,0,4,2,5,1,0,En una casa de Navarra ,Un hombre explica que ha instalado un nuevo equipo de calefacción y por qué es mejor esta nueva calefacción ,0,4,0,5,0,0,No estoy de acuerdo en absoluto.,
30/05/2022 22:13:49,Entre 26 y 40 años.,Español.,La entiendo y la hablo bien,La entiendo y la hablo bien,Entiendo lo escrito de manera global,Entiendo lo escrito de manera global,"No la entiendo, ni la leo",Entiendo lo escrito de manera global,Entiendo lo escrito de manera global,No,,No,No estoy de acuerdo en absoluto.,NOEn un colegio,NODos personas entran a un colegio a matricular a sus dos hijos,0,0,5,4,4,1,En una casa,Ni idea,0,0,2,0,2,1,En una casa,Una entrevista ,0,0,4,1,1,1,No estoy de acuerdo en absoluto.,
30/05/2022 22:13:52,Entre 20 y 25 años.,Español.,"La entiendo bien (oral y escrito), pero no la hablo",Entiendo lo escrito de manera global,"No la entiendo, ni la leo",Entiendo lo escrito de manera global,"No la entiendo, ni la leo",Entiendo lo escrito de manera global,Entiendo lo escrito de manera global,No,,No,No estoy de acuerdo en absoluto.,Ámbito educativo,Inscripción de una matrícula,0,1,2,1,2,0,Cocina de casa,Ingredientes,0,0,1,1,1,0,"Una casa, el jardín",Sistema de la casa en la que vive respecto al agua y la climatización,0,1,1,1,1,1,No estoy de acuerdo.,
30/05/2022 22:17:44,Entre 26 y 40 años.,Español.,La entiendo y la hablo bien,,,,,,,No,,No,No estoy de acuerdo en absoluto.,Oficina,Están haciendo un papeleo,1,1,2,1,0,0,Cocina,Están haciendo lista de la compra ,1,0,0,1,0,0,En una casa,Está hablando de la instalación electrica,1,0,0,1,0,0,No estoy de acuerdo.,
30/05/2022 22:21:03,Entre 20 y 25 años.,Español.,La entiendo y la hablo bien,"La entiendo bien (oral y escrito), pero no la hablo",La entiendo y la hablo bien,"La entiendo bien (oral y escrito), pero no la hablo",Entiendo lo escrito de manera global,"La entiendo bien (oral y escrito), pero no la hablo",La entiendo y la hablo bien,No,,No,No estoy de acuerdo.,En un despacho/ secretaria de un centro,Los chavales se quieren matricular y le dan sus datos,1,2,4,5,4,4,En una cocina,Quiere hacer una tortilla y el chico le dice cómo hacerla,0,3,4,5,5,5,En casa del señor,Explica como funciona su casa con energía geotérmica ,0,3,4,5,5,5,No estoy de acuerdo.,
30/05/2022 22:21:18,Menos de 20 años.,Español.,La entiendo y la hablo bien,"La entiendo bien (oral y escrito), pero no la hablo",Entiendo lo escrito de manera global,Entiendo lo escrito de manera global,"No la entiendo, ni la leo","La entiendo bien (oral y escrito), pero no la hablo",La leo y la entiendo fácilmente (escrito),No,,No,No estoy de acuerdo.,NOEn una secretaria de un colegio,NOEstán haciendo la matricula de su hijo,0,0,0,5,,0,En una cocina,Están teniendo una conversación sobre sus vidas,0,0,2,5,4,0,En un jardín,Está explicando el funcionamiento de un aparato.,0,0,2,5,4,1,No estoy de acuerdo en absoluto.,
30/05/2022 22:22:10,Menos de 20 años.,"Español., Inglés.",La entiendo y la hablo bien,Entiendo lo escrito de manera global,"No la entiendo, ni la leo","No la entiendo, ni la leo","No la entiendo, ni la leo","No la entiendo, ni la leo","No la entiendo, ni la leo",No,,No,No estoy de acuerdo.,En una clase,"Un chico va a matricularse en algo, en segundo, dice su nombre y apellidos, la localidad en la que vive...",1,5,2,5,5,0,En la cocina de una casa,Apuntan ingredientes para hacer una tortilla de patata,0,4,1,5,1,0,"En una casa, y en el jardín","El señor está hablando sobre la casa, que utiliza energía sostenible, con placas solares y esas cosas",0,4,0,5,0,0,No estoy de acuerdo.,
30/05/2022 22:22:38,Más de 50 años.,Español.,Entiendo lo escrito de manera global,"La entiendo bien (oral y escrito), pero no la hablo",,"La entiendo bien (oral y escrito), pero no la hablo",,Entiendo lo escrito de manera global,Entiendo lo escrito de manera global,No,,No,No estoy de acuerdo en absoluto.,En una oficina ,Una pareja llega y la oficinista le pregunta sus datos y el los contesta para rellenar un formulario ,0,0,2,2,2,0,Cocina de una casa ,Una pareja habla de hacer una tortilla de patatas y la receta y los ingredientes ,0,1,0,2,2,0,En una casa de campo ,Un hombre habla de un sistema de geotermia,0,0,0,1,0,0,No estoy de acuerdo en absoluto.,
30/05/2022 22:24:23,Entre 20 y 25 años.,Español.,La entiendo y la hablo bien,Entiendo lo escrito de manera global,Entiendo lo escrito de manera global,Entiendo lo escrito de manera global,"No la entiendo, ni la leo",Entiendo lo escrito de manera global,Entiendo lo escrito de manera global,No,,No,No estoy de acuerdo en absoluto.,Universidad,Está haciendo la matrícula para entrar a la universidad,1,2,4,1,3,2,Cocina de una casa,Están haciendo el menú de la semana ,2,3,3,3,3,2,En los alrededores de la casa de una persona,Esa persona explica el proceso de geotermia para calentar su casa ,1,1,0,1,1,1,No estoy de acuerdo.,
30/05/2022 22:28:13,Entre 20 y 25 años.,Español.,La leo y la entiendo fácilmente (escrito),Entiendo lo escrito de manera global,Entiendo lo escrito de manera global,"No la entiendo, ni la leo","No la entiendo, ni la leo","No la entiendo, ni la leo",Entiendo lo escrito de manera global,No,,Sí,No estoy de acuerdo en absoluto.,NO,NO,0,0,0,0,0,0,,,0,0,0,0,0,0,,,0,0,0,0,0,0,No estoy de acuerdo en absoluto.,
30/05/2022 22:32:09,Entre 20 y 25 años.,Español.,La entiendo y la hablo bien,"La entiendo bien (oral y escrito), pero no la hablo",Entiendo lo escrito de manera global,"No la entiendo, ni la leo","No la entiendo, ni la leo","No la entiendo, ni la leo","No la entiendo, ni la leo",Sí,"Parte de mi familia materna vive en San Sebastián, y mi madre es vasca de nacimiento, aunque se crió en extremadura",No,No estoy de acuerdo.,En un colegio/instituto,Están dando los datos para una matricula,0,3,1,5,4,1,En una cozina,"Van a preparar una tortilla de patatas,  hacen la lista de la compra y se preparan para ir a comprar",0,3,3,3,3,1,En un espacio abierto,"A este buen señor ya no le pillo ná, habla de calefacción en algun momento",0,5,0,4,0,0,No estoy de acuerdo en absoluto.,
30/05/2022 22:40:43,Entre 20 y 25 años.,Español.,"La entiendo bien (oral y escrito), pero no la hablo",Entiendo lo escrito de manera global,"No la entiendo, ni la leo",Entiendo lo escrito de manera global,"No la entiendo, ni la leo",Entiendo lo escrito de manera global,"No la entiendo, ni la leo",No,,No,No estoy de acuerdo en absoluto.,Una Secretaría,Llegan saludan y les pide que se sienten y den los datos,2,3,4,2,3,2,En una cocina,,1,2,4,2,2,0,En Navarra,Habla de cosas de la vivienda,0,1,0,0,0,0,No estoy de acuerdo en absoluto.,
30/05/2022 22:47:11,Entre 20 y 25 años.,Español.,"La entiendo bien (oral y escrito), pero no la hablo",La entiendo y la hablo bien,"La entiendo bien (oral y escrito), pero no la hablo",La leo y la entiendo fácilmente (escrito),"No la entiendo, ni la leo",La leo y la entiendo fácilmente (escrito),La leo y la entiendo fácilmente (escrito),No,,Sí,Estoy bastante de acuerdo.,NOen un centro escolar ,NOuna familia (madre e hijo) va a matricular a su hijo al centro escolar,3,4,5,5,,5,en una cocina,conversación sobre la receta de la tortilla de patata,2,3,4,4,5,5,casa particular,tratan el tema de la instalación de un termostato para la calefacción y el agua caliente en una casa,1,1,1,2,2,3,Estoy bastante de acuerdo.,
30/05/2022 22:54:13,Entre 20 y 25 años.,Español.,La entiendo y la hablo bien,La entiendo y la hablo bien,La entiendo y la hablo bien,La entiendo y la hablo bien,"No la entiendo, ni la leo",La entiendo y la hablo bien,"La leo y la entiendo fácilmente (escrito), Entiendo lo escrito de manera global",Sí,Tengo amigos de Euskadi y a través de películas y series ,Sí,No estoy de acuerdo.,En la ikastola,Un hombre y una mujer entran a una ikastola para matricularse,0,5,5,5,3,4,En la cocina de una casa,"La madre habla a su hijo de una sorpresa que tiene que ver con patatas, creo que le quiere hacer una tortilla",1,5,4,5,4,3,En una urbanización ,Un hombre habla de su urbanización o de la zona en que vive,0,5,3,5,2,3,No estoy de acuerdo en absoluto.,
30/05/2022 23:11:07,Entre 26 y 40 años.,Español.,La entiendo y la hablo bien,La entiendo y la hablo bien,,,,"La entiendo bien (oral y escrito), pero no la hablo","La entiendo bien (oral y escrito), pero no la hablo",Sí,Por amigos  del pueblo y además cursé la asignatura de euskera un cuatrimestre en la universidad,Sí,No estoy de acuerdo en absoluto.,Instituto,Una persona va a inscribirse en un centro y para ello le piden sus datos.,0,0,2,2,1,2,En un domicilio.,Hacen la lista de la compra para preparar una tortilla de patata.,0,2,0,2,0,0,En un domicilio particular.,"El dueño de la casa nos habla sobre su casa, la cuál está preparada para autoabastecerse en cuanto a energía se refiere.",0,1,0,2,0,2,No estoy de acuerdo.,
30/05/2022 23:25:39,Entre 20 y 25 años.,Español.,La entiendo y la hablo bien,La entiendo y la hablo bien,La entiendo y la hablo bien,La entiendo y la hablo bien,Entiendo lo escrito de manera global,"La entiendo bien (oral y escrito), pero no la hablo",Entiendo lo escrito de manera global,No,,Sí,No estoy de acuerdo.,En una secretaría ,Le toman los datos personales a un hombre,1,1,4,5,3,4,En una casa,Dos personas dialogan (no sé sobre qué),0,0,3,3,2,2,"Gorraitz, Nafarroa, en el campo",Entrevistan a un hombre que habla sobre el gas o la calefacción ,0,1,1,5,2,5,Estoy bastante de acuerdo.,
30/05/2022 23:34:55,Menos de 20 años.,"Español., Francés.",La entiendo y la hablo bien,La entiendo y la hablo bien,Entiendo lo escrito de manera global,Entiendo lo escrito de manera global,"No la entiendo, ni la leo","La entiendo bien (oral y escrito), pero no la hablo","La entiendo bien (oral y escrito), pero no la hablo",No,,Sí,Estoy bastante de acuerdo.,"Secretaría de alguna administración pública (centro de estudios, etc)",Un hombre llamado Carmelo se está matriculando en algún tipo de servicio/curso.,1,3,5,4,5,1,En una cocina,Dos personas hablan sobre qué necesitan comprar para hacer una tortilla de patata y hacen la lista de la compra.,1,3,3,3,4,3,En un jardín de una casa,"Un hombre habla sobre el sistema de calefacción en España y lo compara con los de diferentes países europeos. Parece que sabe de lo que habla, por lo que infiero que se dedica profesionalmente a ello.",1,4,2,5,3,3,Estoy bastante de acuerdo.,
30/05/2022 23:36:54,Entre 20 y 25 años.,Español.,La entiendo y la hablo bien,La entiendo y la hablo bien,"La entiendo bien (oral y escrito), pero no la hablo",La entiendo y la hablo bien,"La entiendo bien (oral y escrito), pero no la hablo",Entiendo lo escrito de manera global,Entiendo lo escrito de manera global,No,,Sí,No estoy de acuerdo.,En un instituto,Un chico y su madre van a hacer la matrícula y la secretaría les pregunta sus datos.,1,4,4,5,5,5,En una cocina,Una mujer le pregunta la receta de la tortilla de patata a un chico y  él se la va explicando,0,0,3,5,3,3,En una casa ,Un hombre habla sobre un sistema de calefacción o energía.,1,3,1,5,3,5,Estoy bastante de acuerdo.,
30/05/2022 23:59:58,Entre 20 y 25 años.,"Español., Catalán.",La entiendo y la hablo bien,"La entiendo bien (oral y escrito), pero no la hablo","La entiendo bien (oral y escrito), pero no la hablo",La entiendo y la hablo bien,"No la entiendo, ni la leo",La entiendo y la hablo bien,La leo y la entiendo fácilmente (escrito),No,,Sí,No estoy de acuerdo en absoluto.,Instituto/universidad ,Una persona quiere matricularse en algo (tal vez un curso),1,2,5,5,5,4,En una cocina,La mujer va a preparar tortilla de patata (puede que para algún evento). El chico le dice qué ingredientes utilizar.,1,1,4,5,3,4,En el jardín de una casa,Un señor explica cómo funciona la instalación de un generador geotérmico. (Creo que) también explica las dificultades que supone hacer este tipo de proyectos en España frente a otros países europeos.,1,1,2,4,3,4,Estoy bastante de acuerdo.,
31/05/2022 0:00:27,Entre 20 y 25 años.,"Español., Catalán.",La entiendo y la hablo bien,Entiendo lo escrito de manera global,,,,La entiendo y la hablo bien,,No,,No,No estoy de acuerdo en absoluto.,Consulta del médico ,La doctora tomando los datos del paciente ,0,2,4,4,2,0,En una casa,Están haciendo una lista de la compra para hacer tortilla de patatas ,1,3,2,3,1,1,En una vivienda unifamiliar ,El dueño de la casa explica las instalaciones climáticas de la vivienda ,1,3,0,1,1,1,No estoy de acuerdo en absoluto.,
31/05/2022 0:03:44,Entre 20 y 25 años.,Español.,La entiendo y la hablo bien,La leo y la entiendo fácilmente (escrito),"La entiendo bien (oral y escrito), pero no la hablo, La leo y la entiendo fácilmente (escrito)",,,,,No,,No,No estoy de acuerdo.,NO,NO,2,1,2,1,2,1,,,1,2,2,1,2,1,,,2,1,1,1,1,2,No estoy de acuerdo.,
31/05/2022 0:19:45,Entre 20 y 25 años.,Español.,La entiendo y la hablo bien,"No la entiendo, ni la leo",Entiendo lo escrito de manera global,Entiendo lo escrito de manera global,"No la entiendo, ni la leo",Entiendo lo escrito de manera global,Entiendo lo escrito de manera global,No,,No,No estoy de acuerdo en absoluto.,NOUn colegio (?),NONo se,0,2,2,4,2,,Cocina,Ni idea,0,1,1,4,2,1,Una casa,Problemas con la calefacción ,0,1,1,4,1,4,No estoy de acuerdo en absoluto.,
31/05/2022 0:24:33,Entre 20 y 25 años.,"Español., Francés.",Entiendo lo escrito de manera global,La entiendo y la hablo bien,,,,,,No,,Sí,No estoy de acuerdo.,NOColegio,"NOVienen al colegio a hacerles la matrícula a sus dos hijos, les dan la dirección de la calle y el número ",2,3,5,5,4,3,Cocina,Nidea,1,1,1,2,1,1,Pueblo,,,,,,,,No estoy de acuerdo.,
31/05/2022 0:42:08,Entre 20 y 25 años.,Español.,La leo y la entiendo fácilmente (escrito),"No la entiendo, ni la leo","No la entiendo, ni la leo","No la entiendo, ni la leo","No la entiendo, ni la leo",Entiendo lo escrito de manera global,Entiendo lo escrito de manera global,Sí,Por relaciones cercanas de habla vasca,No,No estoy de acuerdo en absoluto.,En algún tipo de registro,"Llega una pareja y la oficinista le pide los datos de nombre, apellidos, dirección, etc.",5,3,4,5,4,4,En una cocina,Eligen que van a cocinar y se ponen a hacer la lista de la compra.,1,1,3,3,3,0,En un jardin,Algo de un zulo que imagino da calor o frio,0,0,1,3,0,0,No estoy de acuerdo.,
31/05/2022 0:53:30,Entre 20 y 25 años.,Español.,"La entiendo bien (oral y escrito), pero no la hablo",Entiendo lo escrito de manera global,Entiendo lo escrito de manera global,"Entiendo lo escrito de manera global, No la entiendo, ni la leo","No la entiendo, ni la leo","No la entiendo, ni la leo","No la entiendo, ni la leo",No,,No,No estoy de acuerdo.,NOCuartel de la policía ,NO,2,3,5,3,3,1,Cocina,Lista de la compra ,1,0,5,3,0,0,Programa de televisión,,0,0,2,2,1,0,No estoy de acuerdo en absoluto.,
31/05/2022 0:56:35,Entre 20 y 25 años.,Español.,La entiendo y la hablo bien,"La entiendo bien (oral y escrito), pero no la hablo","No la entiendo, ni la leo",La entiendo y la hablo bien,"No la entiendo, ni la leo","No la entiendo, ni la leo","No la entiendo, ni la leo",Sí,por amigos,No,No estoy de acuerdo.,en un instituto/universidad,"El chico ha ido a inscribirse a un curso y le está dando sus datos(nombre, apellidos, dirección)",0,2,1,4,2,1,en su casa,están apuntando lo que necesitan para hacer una tortilla de patatas,1,3,3,4,3,2,en la casa del hombre,no he entendido nada,0,1,0,1,0,0,Estoy bastante de acuerdo.,
31/05/2022 0:58:03,Entre 20 y 25 años.,Español.,La entiendo y la hablo bien,"No la entiendo, ni la leo","No la entiendo, ni la leo",Entiendo lo escrito de manera global,"No la entiendo, ni la leo",Entiendo lo escrito de manera global,"No la entiendo, ni la leo",No,,No,No estoy de acuerdo en absoluto.,Oficina,La mujer que trabaja en la oficina les hace preguntas para rellenar un formulario,0,0,1,1,2,0,Cocina,Familiares hablando entre ellos en el desayuno,0,0,1,2,2,0,Una casa,Explica la geotérmica en su casa,0,1,0,2,0,1,No estoy de acuerdo en absoluto.,
31/05/2022 7:37:05,Entre 20 y 25 años.,Español.,La entiendo y la hablo bien,"No la entiendo, ni la leo","La entiendo bien (oral y escrito), pero no la hablo, La leo y la entiendo fácilmente (escrito)","No la entiendo, ni la leo","No la entiendo, ni la leo","La entiendo bien (oral y escrito), pero no la hablo","No la entiendo, ni la leo",No,,No,No estoy de acuerdo.,En la secretaría de una institución académica ,NOLa secretaria le va pidiendo datos al señor para completar la matrícula de la chica. ,3,2,3,3,4,2,La cocina de un apartamento ,"El señor se queja de su rutina de universidad y biblioteca y se proponen hacer una tortilla pero les falta ingredientes por lo que hacen una lista, que luego la chica se lleva para ir a comprar. ",3,2,4,5,4,2,En un pueblo ,"El hombre explica el funcionamiento del sistema de aire, el precio de coste, las leyes que lo amparan, su existencia en otros países, etc.",3,2,4,3,4,1,Estoy bastante de acuerdo.,
31/05/2022 8:37:55,Más de 50 años.,Español.,,La entiendo y la hablo bien,,,,,,Sí,Mi familia es euskaldun,No,No estoy de acuerdo en absoluto.,Secretaria de colegio,Pide hacer matricula,0,1,1,1,0,0,En la cocina de casa,Parece que hacen lista de compra.,0,0,0,1,0,0,En el jardin de la casa,Parece que explica un sistema de calefacción por bomba de calor.,0,1,0,1,0,0,No estoy de acuerdo en absoluto.,
31/05/2022 9:57:15,Entre 20 y 25 años.,Español.,Entiendo lo escrito de manera global,"No la entiendo, ni la leo","No la entiendo, ni la leo","No la entiendo, ni la leo","No la entiendo, ni la leo",Entiendo lo escrito de manera global,"No la entiendo, ni la leo",No,,No,No estoy de acuerdo en absoluto.,Ayuntamiento de algún municipio vasco o en un set de rodaje.,Una mujer le pide los datos a una pareja.,0,0,1,1,0,0,En casa de una familia.,Están haciendo la lista de la compra,0,0,1,1,1,0,En los terrenos de un campechano.,Dice que la vida en el campo es muy buena.,0,0,0,0,0,0,No estoy de acuerdo en absoluto.,
31/05/2022 10:00:05,Entre 20 y 25 años.,Español.,La entiendo y la hablo bien,,Entiendo lo escrito de manera global,Entiendo lo escrito de manera global,,Entiendo lo escrito de manera global,Entiendo lo escrito de manera global,No,,No,No estoy de acuerdo.,Una oficina,La oficinista toma los datos al hombre para completar un registro,1,4,2,3,4,2,En la cocina de una casa,Están comprobando que tienen los ingredientes necesarios para una tortilla de patat,0,3,5,3,5,4,El jardin de la casa del hombre,Muestra su casa que funciona con energia geotermica,0,5,1,2,2,2,No estoy de acuerdo.,
31/05/2022 10:11:47,Entre 20 y 25 años.,Español.,"La entiendo y la hablo bien, La leo y la entiendo fácilmente (escrito)","La entiendo bien (oral y escrito), pero no la hablo, La leo y la entiendo fácilmente (escrito)",,"La entiendo bien (oral y escrito), pero no la hablo",,"La entiendo bien (oral y escrito), pero no la hablo","La entiendo bien (oral y escrito), pero no la hablo",No,,Sí,No estoy de acuerdo.,Una oficina para matricularse,Un hombre (Carmelo) va a una oficina a matricularse y rellenan sus datos,2,4,4,4,4,4,En una cocina,Preparan la lista de la compra para hacer unas comidas (entre ellas una tortilla de patatas),1,3,3,4,4,3,Gorraizt (en verdad es un vídeo que la tv ha grabado),Entrevista a un hombre de Gorraizt acerca de su trabajo y vida,1,2,4,5,4,4,No estoy de acuerdo.,
31/05/2022 10:26:53,Entre 20 y 25 años.,Español.,"La entiendo bien (oral y escrito), pero no la hablo",La entiendo y la hablo bien,,Entiendo lo escrito de manera global,"No la entiendo, ni la leo","No la entiendo, ni la leo",Entiendo lo escrito de manera global,No,,Sí,No estoy de acuerdo en absoluto.,NONo sé ,NO¿Cómo voy a entender qué ocurre si hablan en una lengua incomprensible e inventada completamente a partir del español? ,0,0,0,0,0,0,,,0,0,0,0,0,0,,,0,0,0,0,0,0,No estoy de acuerdo en absoluto.,
31/05/2022 10:39:41,Más de 50 años.,Español.,Entiendo lo escrito de manera global,"No la entiendo, ni la leo","No la entiendo, ni la leo","No la entiendo, ni la leo","No la entiendo, ni la leo","No la entiendo, ni la leo","No la entiendo, ni la leo",No,,No,No estoy de acuerdo.,En un centro educativo,Realizan una matricula,0,0,1,1,0,1,En la cocina de una vivienda,Hablan sobre lo que tienen q comprar para hacer tortilla de patata para comer,2,2,2,1,0,1,En una vivienda familiar,Hablan sobre un sistema de calefaccion por geotermia,2,3,0,5,0,3,No estoy de acuerdo en absoluto.,
31/05/2022 10:57:12,Más de 50 años.,Rumano ,,,,,"La entiendo y la hablo bien, La leo y la entiendo fácilmente (escrito)",,,No,,No,Estoy completamente de acuerdo.,NO,NO,,,5,,,,,,,,1,1,3,,,,,,0,3,,,Estoy bastante de acuerdo.,
31/05/2022 11:27:47,Entre 40 y 50 años.,Euskera,Entiendo lo escrito de manera global,"No la entiendo, ni la leo","No la entiendo, ni la leo","No la entiendo, ni la leo","No la entiendo, ni la leo","No la entiendo, ni la leo","No la entiendo, ni la leo",Sí,Mi familia es euskaldun,No,Estoy bastante de acuerdo.,En una escuela,Se ha inscrito a un curso de euskera.,1,2,2,2,2,1,En un piso de estudiantes.,Van a preparar la cena para cuando vengas los compañeros.,1,2,2,2,2,2,En una casa.,Explics lo que es la geotermia. ,1,1,1,1,1,1,Estoy bastante de acuerdo.,
31/05/2022 12:25:03,Más de 50 años.,Español.,"No la entiendo, ni la leo","No la entiendo, ni la leo",Entiendo lo escrito de manera global,Entiendo lo escrito de manera global,Entiendo lo escrito de manera global,Entiendo lo escrito de manera global,"La entiendo bien (oral y escrito), pero no la hablo",Sí,La an estudiado en clase,No,Estoy bastante de acuerdo.,En una escuela de euskera,Se están matriculando,,3,2,3,2,3,En su cocina,Si van a comer tortilla de patata,2,2,2,2,2,3,En el jardin de su casa,Esta explicando el sistema de su calecfaccion,2,3,4,4,3,1,No estoy de acuerdo.,
31/05/2022 12:56:09,Más de 50 años.,Español.,,,,,,,,No,,,No estoy de acuerdo en absoluto.,Euskaltegui,Matricula,2,1,1,1,1,1,En la cocina,"Compra, ingredientes para tortilla patata",0,0,0,0,0,2,Lugar donde se genera o se controla energía asa,"Casa, donde se consuma energía renovable",1,0,1,2,1,1,No estoy de acuerdo.,
31/05/2022 13:48:16,Entre 26 y 40 años.,Español.,"La entiendo y la hablo bien, La leo y la entiendo fácilmente (escrito)",,,,,"La entiendo bien (oral y escrito), pero no la hablo","La entiendo bien (oral y escrito), pero no la hablo",Sí,Familia euskaldunes y clases gratuitas en el ayuntamiento donde vivo,Sí,Estoy bastante de acuerdo.,En un colegio,Están matriculando a alguien a un segundo curso.,0,0,1,2,2,1,En un hogar,"Están hablando de darle una sorpresa a un amigo con una merienda fuera, será una tortilla de patata con cebolla, queso y pimientos, también tomarán vino… será algo suave por que mañana tienen cosas que hacer",2,2,2,2,1,1,En una casa de campo,"Habl de la eficiencia geotérmica de la casa, ",0,1,0,0,2,2,Estoy bastante de acuerdo.,
31/05/2022 14:07:33,Entre 20 y 25 años.,Catalán.,La entiendo y la hablo bien,"No la entiendo, ni la leo","No la entiendo, ni la leo","No la entiendo, ni la leo","No la entiendo, ni la leo",La entiendo y la hablo bien,"No la entiendo, ni la leo",No,,No,No estoy de acuerdo en absoluto.,NOColegio,NOVan a matricular a sus hijos,0,1,2,2,2,0,Cocina,"Deciden hacer tortilla de patatas, escriben los ingredientes",0,2,1,2,1,0,En el exterior de una casa,Explica que han puesto geotermia en casa y las ventajas y dificultades que ha habido.,0,3,1,4,1,0,No estoy de acuerdo en absoluto.,
31/05/2022 14:14:31,Entre 20 y 25 años.,Español.,La entiendo y la hablo bien,"La entiendo bien (oral y escrito), pero no la hablo","La entiendo bien (oral y escrito), pero no la hablo","La entiendo bien (oral y escrito), pero no la hablo","No la entiendo, ni la leo",La entiendo y la hablo bien,"La entiendo bien (oral y escrito), pero no la hablo",Sí,Porque tuve compañeros en el Erasmus que hablaban euskera,No,No estoy de acuerdo.,NOEn una oficina ,NOAh,1,1,2,2,2,0,Cocina,Ah,1,1,2,1,1,0,,,,,,,,,No estoy de acuerdo.,
31/05/2022 15:03:59,Entre 20 y 25 años.,Español.,"La entiendo bien (oral y escrito), pero no la hablo","Entiendo lo escrito de manera global, No la entiendo, ni la leo",Entiendo lo escrito de manera global,Entiendo lo escrito de manera global,"No la entiendo, ni la leo",Entiendo lo escrito de manera global,Entiendo lo escrito de manera global,Sí,Conozco palabras sueltas porque tengo una amiga vasca,No,Estoy bastante de acuerdo.,NOEn un colegio,NODos padres matriculando a sus hijos en un colegio,3,5,4,4,2,0,En una cocina,"Dos chicos planean arle una sorpresa a un tercero haciendo una tortilla de patata, despues hacen la lista de la compra de lo que falta para poder cocinar",1,5,4,3,4,3,En la casa del hombre entrevistado,"Es una entrevista a un hombre que ha realizado una inversión para la fuente de alimentación electrica de su casa, explica el coste de la inversión, donde es típica la instalación y brevemente como funciona",3,5,1,4,3,3,Estoy bastante de acuerdo.,
31/05/2022 15:58:39,Más de 50 años.,Castellano,,"La entiendo bien (oral y escrito), pero no la hablo",,,,,,No,,No,Estoy completamente de acuerdo.,En Euskadi,Que quiere hacer una matrícula,,3,3,1,2,0,En un domicilio particular,Hacer la lista de la compra,,2,2,2,2,0,En un exterior,De clases de calefacción,0,1,1,1,1,0,Estoy bastante de acuerdo.,
31/05/2022 16:04:36,Entre 20 y 25 años.,"Español., Catalán.",La entiendo y la hablo bien,Entiendo lo escrito de manera global,La leo y la entiendo fácilmente (escrito),Entiendo lo escrito de manera global,"No la entiendo, ni la leo",La entiendo y la hablo bien,La leo y la entiendo fácilmente (escrito),Sí,"Pues a base de ver las noticias, relacionarme con gente que sean de Euskadi y conozcan la cultura, de internet, películas y libros. ",No,No estoy de acuerdo.,En un instituto o escuela.,Unos padres van a matricular a su hijo.,3,5,3,5,3,0,En una cocina.,Hablan sobre cómo hacer una tortilla de patata.,2,2,3,4,3,2,En Navarra,Se nos explica las características de la instalación de una depuradora de agua.,1,3,0,3,0,1,No estoy de acuerdo.,
31/05/2022 17:14:58,Entre 20 y 25 años.,Español.,La entiendo y la hablo bien,La entiendo y la hablo bien,Entiendo lo escrito de manera global,Entiendo lo escrito de manera global,"No la entiendo, ni la leo",La leo y la entiendo fácilmente (escrito),La entiendo y la hablo bien,No,,No,No estoy de acuerdo.,NOUn colegio,"NOParece que unos padres van a inscribir a sus hijos pequeños a un colegio y una señora les pide datos como el nombre, edad o lugar de nacimiento",0,1,5,5,5,3,En una cocina,Un diálogo entre madre e hijo pero ni idea. Una tortilla de patata o algo que quieren hacer.,,2,5,5,5,3,En un pueblo,Un hombre habla sobre el pueblo o una casa de un pueblo o el sistema del aire acondicionado de la casa,0,0,0,4,2,3,No estoy de acuerdo.,
31/05/2022 17:19:16,Más de 50 años.,Español.,"No la entiendo, ni la leo",Entiendo lo escrito de manera global,"No la entiendo, ni la leo","No la entiendo, ni la leo","No la entiendo, ni la leo","No la entiendo, ni la leo","No la entiendo, ni la leo",No,,No,No estoy de acuerdo.,NOni idea ,NOni idea,0,0,4,2,1,0,ni idea ,ni idea ,0,0,1,2,1,0,ni idea ,ni idea ,0,1,0,1,1,0,No estoy de acuerdo.,
31/05/2022 18:20:05,Más de 50 años.,Español.,Entiendo lo escrito de manera global,La leo y la entiendo fácilmente (escrito),,,,,,No,,No,No estoy de acuerdo en absoluto.,Secretaria c ntro,Están rellenando un cuestionario,0,1,0,2,1,0,Cocina,Haciendo lista compra para tortilla patata ,0,2,0,2,0,0, una casa,Habla sobre la geotérmica ,0,2,0,1,0,0,No estoy de acuerdo en absoluto.,
31/05/2022 18:43:50,Más de 50 años.,Español.,Entiendo lo escrito de manera global,,,,,,,No,,No,No estoy de acuerdo en absoluto.,Oficina,Esta apuntandose a algo,0,0,1,1,0,1,En la cocina,Estan haciendo la lista de la compra,0,2,0,2,0,0,En el jardin y en el interior de una casa,Esta explicando el funcionamiento de un sistema de calefaccion,0,1,0,1,0,0,No estoy de acuerdo en absoluto.,
31/05/2022 18:50:57,Entre 20 y 25 años.,Español.,La entiendo y la hablo bien,"No la entiendo, ni la leo",La leo y la entiendo fácilmente (escrito),"No la entiendo, ni la leo","No la entiendo, ni la leo",La leo y la entiendo fácilmente (escrito),La leo y la entiendo fácilmente (escrito),No,,No,No estoy de acuerdo en absoluto.,Escuela,Una chico con su madre va a matricularse a una escuela,0,0,5,5,5,4,En una casa,"Una chica le pide ayuda para hacer una tortilla de patatas al chico, hacen juntos la lista de la compra mientras revisan qué les hace falta comprar y luego van a hacer la compra",0,0,4,5,5,5,En la casa de un hombre,Un señor explica las ventajas que le aporta su sistema de calefaccion,0,0,3,5,5,5,No estoy de acuerdo en absoluto.,
31/05/2022 19:10:41,Entre 20 y 25 años.,Español.,La entiendo y la hablo bien,,,Entiendo lo escrito de manera global,,"La entiendo bien (oral y escrito), pero no la hablo",,Sí,Porque estudio en Donosti,No,Estoy bastante de acuerdo.,En un centro educativo,Un proceso de matriculacion,5,4,5,5,5,2,En una cocina,Elaboran una lista de la compra,3,4,5,2,0,0,,Explicación de la geotermia,5,4,0,5,0,4,No estoy de acuerdo.,
31/05/2022 21:07:16,Más de 50 años.,Español.,,,,La leo y la entiendo fácilmente (escrito),,La leo y la entiendo fácilmente (escrito),,Sí,Algo de oirlo,No,No estoy de acuerdo en absoluto.,En una oficina de un colegio,Un chico quiere matricularse,4,2,1,2,3,0,En la cocina,Van a hacer una merendola y hacen la lista de la compra,2,2,0,2,0,0,En una casa,No he entendido creo que era como intentar ahorrar energia,0,0,0,0,0,0,No estoy de acuerdo en absoluto.,
31/05/2022 21:54:10,Entre 26 y 40 años.,Español.,"La entiendo bien (oral y escrito), pero no la hablo, Entiendo lo escrito de manera global",,,,,,,No,,No,No estoy de acuerdo.,NONi idea,NONo entendí lo que hablan..,0,0,0,0,0,0,,,,,,,,,,,,,,,, ,No estoy de acuerdo.,
31/05/2022 22:29:56,Entre 20 y 25 años.,Español.,La entiendo y la hablo bien,La entiendo y la hablo bien,"La entiendo bien (oral y escrito), pero no la hablo",Entiendo lo escrito de manera global,Entiendo lo escrito de manera global,La entiendo y la hablo bien,"La entiendo bien (oral y escrito), pero no la hablo",No,,Sí,No estoy de acuerdo.,En una secretaría,"El hombre quiere matricularse en algo, una mujer le estaba acompañando y la otra, que trabaja en secretaría, le pregunta varios datos. Él es de un pueblo de Bizkaia y quiere hacer tres algo (o tiene tres algo)",1,4,5,5,5,4,En una cocina,"Creo que hablan sobre la comida o la cena, se propone hacer tortilla de patata y apuntan los ingredientes, luego apuntan lo que tienen y se van, supongo que a comprar porque creo que tenían solo esa patata y les hacían falta dos kilos",1,4,5,5,4,5,En un pueblo de Navarra,El hombre trabaja con bombas de calor para sistemas de calefacción y refrigeración y cuenta todo el procedimiento y que en países como Suecia o Finlandia es muy normal y en España todavía no,1,5,4,5,4,4,Estoy bastante de acuerdo.,
31/05/2022 22:45:22,Entre 20 y 25 años.,Español.,"La entiendo bien (oral y escrito), pero no la hablo, La leo y la entiendo fácilmente (escrito)",Entiendo lo escrito de manera global,Entiendo lo escrito de manera global,Entiendo lo escrito de manera global,"No la entiendo, ni la leo",Entiendo lo escrito de manera global,"La entiendo bien (oral y escrito), pero no la hablo, La leo y la entiendo fácilmente (escrito)",No,,No,No estoy de acuerdo en absoluto.,En una clase,"dos alumnos van a matricularse y les pregunta nombre, calle, localidad, etc.",0,1,4,5,3,2,En la cocina de casa,Dos personas hacen una lista con necesario para preparar una tortilla de patatas,1,4,2,2,2,0,En el jardin de una casa,"Una persona comenta como funciona el proceso de la geotermia que tiene para calentar su casa, el precio y sus ventajas. Despues comenta cómo en españa respecto a otros sitios de europa estamos mas retrasados en ese aspecto.",0,3,0,1,1,4,No estoy de acuerdo.,
31/05/2022 22:47:13,Más de 50 años.,Español.,La entiendo y la hablo bien,La entiendo y la hablo bien,Entiendo lo escrito de manera global,Entiendo lo escrito de manera global,"No la entiendo, ni la leo",La entiendo y la hablo bien,Entiendo lo escrito de manera global,Sí,Parte de mi familia es euskaldun,No,No estoy de acuerdo en absoluto.,En una academia,Hacen una inscripcion a un curso,2,2,0,1,1,2,En una cocina,Coordinan la preparacion de una tortilla,2,2,1,2,1,1,En una casa y si jardin,"Hablan de la geotermia como energia para producir calor en lis hogares
",2,2,0,2,0,1,No estoy de acuerdo en absoluto.,
31/05/2022 22:49:20,Entre 26 y 40 años.,Español.,La entiendo y la hablo bien,La entiendo y la hablo bien,,,,,,No,,No,Estoy bastante de acuerdo.,En un salón de clase,"Van a inscribirse en un curso, preguntan por la encargada y luego ella les demanda sus datos personales.",2,2,1,2,2,1,En una cocina,Sobre los ingredientes de la tortilla de patatas.,1,1,1,1,1,1,,,0,0,0,,0,0,,
31/05/2022 22:51:15,Entre 20 y 25 años.,"Español., Gallego.",La entiendo y la hablo bien,La entiendo y la hablo bien,"La entiendo bien (oral y escrito), pero no la hablo",La leo y la entiendo fácilmente (escrito),,La leo y la entiendo fácilmente (escrito),La entiendo y la hablo bien,No,,Sí,No estoy de acuerdo.,En la administración de un lugar ,"El hombre quiere matricularse de algo, por lo que la mujer le pide sus datos personales (nombre, lugar de vivienda, etc.)",2,5,4,5,5,4,En la cocina de la casa ,"Están hablando sobre cómo hacer una tortilla de patata, qué necesitan, cantidades.",2,4,2,3,2,2,Cerca de la casa del hombre ,El entrevistado está hablando sobre la energía geotérmica,1,3,1,3,1,1,No estoy de acuerdo.,
31/05/2022 22:59:28,Entre 20 y 25 años.,"Español., Gallego.",La entiendo y la hablo bien,"No la entiendo, ni la leo",La leo y la entiendo fácilmente (escrito),La leo y la entiendo fácilmente (escrito),"No la entiendo, ni la leo",Entiendo lo escrito de manera global,"La entiendo bien (oral y escrito), pero no la hablo",No,,No,No estoy de acuerdo.,En un centro educativo,Un chico y una chica van a matricularse en el centro educativo,1,1,3,4,3,0,En la cocina de una casa,El chico quiere que ella le haga una tortilla de patatas para cenar y le explica como hacerla,2,2,4,4,3,0,En el jardín de una casa en Navarra,"Un señor explica en un programa como funciona una caldera y como se instala, también habla de países en los que se usa ese tipo de calefacción",1,2,3,5,2,2,Estoy bastante de acuerdo.,
31/05/2022 23:02:44,Más de 50 años.,Español.,"No la entiendo, ni la leo",Entiendo lo escrito de manera global,"No la entiendo, ni la leo","No la entiendo, ni la leo","No la entiendo, ni la leo","No la entiendo, ni la leo","No la entiendo, ni la leo",No,,No,No estoy de acuerdo.,En una secretaria,Quiere hacer una matrícula,1,3,5,5,5,0,En una cocina,Ni idea,0,0,0,0,0,0,En una casa de campo,Ni idea,0,0,0,0,0,0,No estoy de acuerdo en absoluto.,
31/05/2022 23:07:02,Entre 20 y 25 años.,"Español., Asturiano",La entiendo y la hablo bien,"No la entiendo, ni la leo",La leo y la entiendo fácilmente (escrito),La leo y la entiendo fácilmente (escrito),"No la entiendo, ni la leo",La leo y la entiendo fácilmente (escrito),"La entiendo bien (oral y escrito), pero no la hablo",No,,Sí,No estoy de acuerdo en absoluto.,Algún tipo de oficina administrativa,La pareja viene a pedir un documento (algún tipo de matrícula) para el hombre y la trabajadora le pregunta sus datos personales. ,1,1,2,2,1,2,En la cocina de una casa.,La chica le está preguntando por la receta de la tortilla de patata.,1,1,0,2,1,2,En una casa y sus alrededores.,El hombre explica cómo funciona y cuánto cuesta instalar un sistema de calefacción.,0,1,0,2,1,2,No estoy de acuerdo.,
31/05/2022 23:19:32,Entre 20 y 25 años.,Español.,"La entiendo y la hablo bien, La entiendo bien (oral y escrito), pero no la hablo","La entiendo bien (oral y escrito), pero no la hablo","No la entiendo, ni la leo","No la entiendo, ni la leo","No la entiendo, ni la leo","No la entiendo, ni la leo","La entiendo bien (oral y escrito), pero no la hablo",No,,No,No estoy de acuerdo.,En una oficina ,"El señor tiene que dar sus datos personales y la chica los apunta.
",4,1,3,4,4,1,En la Cocina ,"Proponen hacer una fiesta y para ello hacer una tortilla de patatas, pero el chico no sabe hacerla y la chica le da l receta. ",1,2,2,2,2,1,En una casa,Es un reportaje sobre las energías renovables en casa. ,2,3,3,3,3,2,No estoy de acuerdo.,
31/05/2022 23:37:20,Entre 20 y 25 años.,Español.,La entiendo y la hablo bien,"No la entiendo, ni la leo",Entiendo lo escrito de manera global,Entiendo lo escrito de manera global,"No la entiendo, ni la leo",Entiendo lo escrito de manera global,"No la entiendo, ni la leo",Sí,Amigos euskaldunes,Sí,Estoy bastante de acuerdo.,En una administración pública,"El chico se está matriculando en algo, creo. Parece que da sus datos.",0,2,3,4,3,2,En una cocina.,Quiero entender que hablan sobre la receta de la tortilla de patata. O están haciendo la lista de la compra para hacerla.,1,1,2,4,3,2,En la casa de Javier.,Javier creo que está hablando de la inversión que ha realizado en calefacción y como se sustenta con la tecnología que ha implantado.,2,2,2,4,2,2,Estoy bastante de acuerdo.,
31/05/2022 23:51:32,Más de 50 años.,Español.,,,,,,,,Sí,"Mi mujer es vasca y yo andaluz, hijos andaluces pero vivimos en guipuzkoa y hablan euskera los dos",No,No estoy de acuerdo.,En un colegio,Se quiere matricular y le preguntan datos personales y donde vive,,1,2,2,,,En una casa ,Vana. Cenar tortilla de patata y miran los ingredientes,,,2,,,,Explica que trabaja en la fabrica siemens,Explica algo sobre las maquinas de siemens,,,,2,,,Estoy bastante de acuerdo.,
1/06/2022 6:21:08,Entre 26 y 40 años.,Español.,,,,,,,,No,,Sí,No estoy de acuerdo en absoluto.,NO,NO,,,0,,,,,,,,0,,,,,,,,,,,,No estoy de acuerdo en absoluto.,
1/06/2022 9:23:50,Más de 50 años.,Español.,La leo y la entiendo fácilmente (escrito),La leo y la entiendo fácilmente (escrito),,,,,,Sí,Yendo al euskaltegi,No,No estoy de acuerdo.,En la secretaría de algún centro de formación,Dos personas acuden a la secretaría de un centro y una de ellas desea matricularse en dicho centro. La secretaria le toma los datos personales para la matriculación,1,0,0,1,1,1,En un piso de estudiantes,Dos personas deciden hacer una tortilla de patatas para cenar ellos y sus compañeros y hacen un repaso de los ingredientes que tienen que comprar,0,0,1,1,1,1,En la casa de un particular,Un hombre explica las virtudes y costes de un sistema de calefacción y agua caliente mediante el empleo de un sistema geotérmico,0,1,0,1,0,1,No estoy de acuerdo.,
1/06/2022 10:20:53,Entre 26 y 40 años.,Catalán.,La leo y la entiendo fácilmente (escrito),Entiendo lo escrito de manera global,Entiendo lo escrito de manera global,Entiendo lo escrito de manera global,"No la entiendo, ni la leo",La entiendo y la hablo bien,Entiendo lo escrito de manera global,Sí,Estoy estudiando en Musikene y trabajando en Usurbil.,No,No estoy de acuerdo.,En una escuela,Una família llega a la escuela para hacer una matrícula y la profesora les va preguntando los datos para poder rellenarla.,1,1,5,5,5,3,En una cocina,Dos compañeros deciden hacer una cena para otros. Quieren hacer tortilla de patatas y hacen lista de la compra y después van a comprar.,0,0,4,5,4,4,En la casa particular del protagonista (Navarra),"El protagonista explica qué es la geotermia, la instalación para aprovechar el calor de la tierra y lo compara con otros paises.",1,1,2,4,2,2,No estoy de acuerdo.,
1/06/2022 11:44:57,Más de 50 años.,Español.,,"La entiendo bien (oral y escrito), pero no la hablo",,,,"La entiendo bien (oral y escrito), pero no la hablo",,No,,No,No estoy de acuerdo en absoluto.,En una oficina,"La delira le pide los datos al señor, el nombre y la direccion",0,1,0,1,1,0,En la cocina de casa,Van a hacer una tortilla de patata y están haciendo la lista de la compra ,0,1,0,1,0,0,En casa de una persona ,Está contando el sistema de calefacción tan gusy que tiene como otros países ,1,0,0,1,0,0,No estoy de acuerdo en absoluto.,
1/06/2022 12:08:38,Entre 20 y 25 años.,Español.,La entiendo y la hablo bien,La entiendo y la hablo bien,"La entiendo bien (oral y escrito), pero no la hablo","La entiendo bien (oral y escrito), pero no la hablo",Entiendo lo escrito de manera global,"La entiendo bien (oral y escrito), pero no la hablo",La leo y la entiendo fácilmente (escrito),No,,No,No estoy de acuerdo.,NOEn un colegio,NOUnos padres matriculan a su hijo en el colegio,2,3,4,4,4,4,en una cocina,Preparan una tortilla de patata,1,2,1,3,2,3,En una casa en Navarra ,Creo que habla sobre los sistemas de agua y climatización de su casa ,0,2,0,3,1,3,No estoy de acuerdo.,
1/06/2022 13:57:43,Entre 20 y 25 años.,Español.,"La entiendo y la hablo bien, La entiendo bien (oral y escrito), pero no la hablo, La leo y la entiendo fácilmente (escrito), Entiendo lo escrito de manera global",Entiendo lo escrito de manera global,Entiendo lo escrito de manera global,Entiendo lo escrito de manera global,"No la entiendo, ni la leo",Entiendo lo escrito de manera global,Entiendo lo escrito de manera global,No,,No,Estoy bastante de acuerdo.,En la universidad,Están pidiendo matricularse.,1,4,5,5,5,2,En la cocina.,La bolsa de la compra.,3,4,5,4,5,3,Casa de Javier.,Algo sobre la instalación eléctrica?,2,3,5,3,5,1,No estoy de acuerdo.,
1/06/2022 14:12:07,Entre 40 y 50 años.,Español.,"No la entiendo, ni la leo","No la entiendo, ni la leo","No la entiendo, ni la leo","No la entiendo, ni la leo","No la entiendo, ni la leo","No la entiendo, ni la leo","No la entiendo, ni la leo",No,,No,No estoy de acuerdo en absoluto.,En una oficina ,Le da los datos personales para alguna gestión ,0,0,0,0,0,0,En una cocina le da receta ,,0,0,0,0,0,0,En una vivienda ,Ha renovado la caldera ,0,0,0,0,0,0,No estoy de acuerdo en absoluto.,
1/06/2022 15:49:59,Más de 50 años.,Español.,La entiendo y la hablo bien,"No la entiendo, ni la leo","No la entiendo, ni la leo","No la entiendo, ni la leo","No la entiendo, ni la leo",Entiendo lo escrito de manera global,Entiendo lo escrito de manera global,No,,No,No estoy de acuerdo.,En una oficina ,Aporte de datos para un formulario.,0,0,4,3,4,1,Coc8na familiar,Han hecho lista de la compra.,0,2,1,1,1,1,Chalet particular ,Explica la inversión y  el retorno en una instalación energética.,2,2,2,1,1,1,No estoy de acuerdo en absoluto.,
1/06/2022 17:30:15,Más de 50 años.,Español.,"La entiendo bien (oral y escrito), pero no la hablo",La leo y la entiendo fácilmente (escrito),,,,,,No,,No,No estoy de acuerdo en absoluto.,Parece que un colegio,Los señores comunican unos datos de residencia ,0,1,1,1,1,0,En una cocina de un casa privada,Elaboran la lista para ir a comprar ingredientes para hacer una tortilla de patatas ,0,1,1,1,0,0,En el chalet donde vive el señor que sale en el video,Parece que ha instalado un sistema geotérmico en su casa y explica cómo lo amortiza y en qué países esta mas avanzado,0,1,0,1,0,1,No estoy de acuerdo en absoluto.,
1/06/2022 17:51:42,Entre 26 y 40 años.,Español.,La entiendo y la hablo bien,"La entiendo bien (oral y escrito), pero no la hablo","La entiendo bien (oral y escrito), pero no la hablo","La entiendo bien (oral y escrito), pero no la hablo",,,,No,,No,No estoy de acuerdo en absoluto.,En una oficina administrativa,"Se presenta una pareja, les hacen preguntas a las que responde el hombre (sus datos personales) y firma un papel. ",0,0,1,2,2,0,En una cocina,Parecen anotar ingredientes de una comida. ,0,1,1,2,1,0,En una casa cerca del campo.,Parece hablar de la instalación de calefacción. ,0,1,0,2,0,0,No estoy de acuerdo.,
1/06/2022 17:56:07,Entre 40 y 50 años.,Español.,La entiendo y la hablo bien,La entiendo y la hablo bien,,,,,,No,,No,No estoy de acuerdo en absoluto.,En un centro educativo.,Un hombre acude a apuntarse a una actividad o curso.,0,0,2,2,2,0,En la cocina de una casa.,El hijo quiere tortilla de patatas ,0,0,1,1,1,0,En la casa de un particular.,Cuenta el sistema de su casa para el ahorro energético. ,0,0,0,2,0,2,No estoy de acuerdo en absoluto.,
1/06/2022 17:57:48,Entre 40 y 50 años.,Español.,La entiendo y la hablo bien,,,,,,,Sí,Mi familia paterna es euskaldun ,Sí,No estoy de acuerdo en absoluto.,NOEn un centro educativo,"NOProceso de matriculación de un niño en un colegio solicitando los datos personales, dirección, lugar de nacimiento...",3,4,4,5,4,4,Cocina de una casa de universitarios,Están haciendo la lista de la compra para cocinar una tortilla de patata,1,2,2,4,2,2,En una casa de un particular,Explica que ha incorporado a su casa un sistema de geotermia como inversión y ahorro energético,2,4,2,5,2,2,No estoy de acuerdo.,
1/06/2022 18:24:40,Entre 20 y 25 años.,Español.,La entiendo y la hablo bien,La entiendo y la hablo bien,"La entiendo bien (oral y escrito), pero no la hablo","La entiendo bien (oral y escrito), pero no la hablo",Entiendo lo escrito de manera global,"La entiendo bien (oral y escrito), pero no la hablo","La entiendo bien (oral y escrito), pero no la hablo",No,,Sí,No estoy de acuerdo en absoluto.,NOParece que en una escuela,"NOParece que dos padres matriculan a su hijo y le dan los datos a la mujer que trabaja allí, que rellena la matrícula ",1,0,5,5,3,4,"En una casa, en la cocina","Parece que quieren preparar una sorpresa y deciden hacer una tortilla de patatas, así que apuntan lo que van a necesitar para hacerla ",0,3,2,2,4,4,"Es un programa de televisión, se encuentran en la casa de un hombre ",Entrevistan al hombre sobre la energía geotérmica ,0,1,0,3,2,2,No estoy de acuerdo.,
1/06/2022 18:26:40,Entre 20 y 25 años.,"Español., Inglés.",La entiendo y la hablo bien,La entiendo y la hablo bien,Entiendo lo escrito de manera global,La entiendo y la hablo bien,"No la entiendo, ni la leo","No la entiendo, ni la leo","No la entiendo, ni la leo",Sí,Porque mis amigas estudian en el país vasco. ,No,No estoy de acuerdo.,"NOEn una oficina, ya sea de colegio o gobierno","NODos personas, una pareja probablemente, se acercan a una oficina donde trabaja una mujer, y quieren inscribir a su hijo. Creo que quieren matricularlo en un colegio. Este niño tiene dos años y se llama Carmelo. ",2,1,5,2,5,3,En una cocina de una casa. ,Dos personas quieren hacer una tortilla de patata y están viendo qué hay en casa y qué necesitan para hacer la compra y poder cocinar. ,1,3,5,5,1,1,"En la casa de alguien, para un noticiero. ",El hombre está hablando del sistema de geotermia (la bomba de geotermia) que tiene en su casa. ,0,5,3,5,1,5,Estoy bastante de acuerdo.,
1/06/2022 18:48:33,Más de 50 años.,Español.,La leo y la entiendo fácilmente (escrito),,,,,,,No,,No,No estoy de acuerdo en absoluto.,Universidad/oficina ,Se está apuntando a algo,0,0,2,2,1,0,Casa,Deciden la cena ,0,1,1,2,0,0,Gorraitz,Explica el sistema de geotermia como alternativa para la calefacción.,,2,0,2,0,1,No estoy de acuerdo.,
1/06/2022 18:55:59,Entre 26 y 40 años.,Español.,La entiendo y la hablo bien,La entiendo y la hablo bien,"La entiendo bien (oral y escrito), pero no la hablo",La entiendo y la hablo bien,"No la entiendo, ni la leo",Entiendo lo escrito de manera global,Entiendo lo escrito de manera global,No,,No,No estoy de acuerdo.,En la secretaría de un centro escolar,Están matriculando a alguien o matriculándose alguno de ellos,4,3,5,5,4,2,En la cocina de una casa,Conversación entre una madre y un hijo,2,3,5,4,3,3,En el jardín de una casa,Habla sobre el modo de calefacción de la casa,3,4,2,4,2,3,No estoy de acuerdo.,
1/06/2022 19:45:23,Entre 20 y 25 años.,"Español., Gallego.",La entiendo y la hablo bien,La entiendo y la hablo bien,La entiendo y la hablo bien,La entiendo y la hablo bien,"No la entiendo, ni la leo","La entiendo bien (oral y escrito), pero no la hablo",La entiendo y la hablo bien,Sí,Estudié un año euskera en la universidad,Sí,Estoy bastante de acuerdo.,"En una secretaría, probablemente de un centro de estudios ",Dos personas acuden para hacer una matrícula y dan sus datos personales. ,4,1,5,5,5,2,En una casa ,"dos compañeros de piso (probablemente) están organizando una comida, hablan de cosas que necesitan comprar. También hablan de la universidad.",2,2,5,5,5,2,en una casa de Navarra ,Un hombre explica cómo funciona una casa que utliza energía geotérmica. también habla de los costes y de sus ventajas y de cómo es usada la energía renovable en diferentes países. ,2,1,1,4,3,5,Estoy bastante de acuerdo.,
1/06/2022 20:14:19,Más de 50 años.,Español., ,,,,,,,No,,No,No estoy de acuerdo.,Una oficina ,"Entran dos personas a una oficina para hacer un trámite y la mujer que les atiende va preguntando al hombre sus datos personales y él los va respondiendo mientras ella los escribe con su máquina de escribir  : nombre , dirección, población ... Después le entrega la instancia y el hombre la firma.",2,2,0,2,1,2,En una cocina,Una chica y un chico parece que están haciendo una lista de la compra para hacer alguna comida que lleva patata. Hablan bastantes más cosas en su conversación pero no las entiendo ,1,1,1,2,1,2,En el jardín de una vivienda ,"Un señor explica los beneficios de una fuente de energía ( geotérmica) para instalar en el hogar , los usos que tiene y para lo que sirve y la compara con otras energías en coste y explica comparativamente la situacion de consumo de esta energía en varios países de Europa respecto de España",1,2,1,2,1,2,No estoy de acuerdo.,
1/06/2022 20:19:55,Más de 50 años.,"Español., Inglés.",La entiendo y la hablo bien,,,,,,,No,,No,No estoy de acuerdo en absoluto.,En la secretaría de un colegio,Una pareja solicita plaza en el colegio ,2,5,,5,5,5,En una cocina ,El chico le da la recta de tortilla a la chica ,4,4,5,5,5,5,En el campo,El chico explica que se ha hecho una cosa con instalaciones eficientes,5,5,4,3,5,5,No estoy de acuerdo.,
1/06/2022 20:30:50,Entre 20 y 25 años.,"Español., Catalán.",La entiendo y la hablo bien,La entiendo y la hablo bien,"La entiendo bien (oral y escrito), pero no la hablo","La entiendo bien (oral y escrito), pero no la hablo","No la entiendo, ni la leo",La entiendo y la hablo bien,"La entiendo bien (oral y escrito), pero no la hablo",No,,Sí,No estoy de acuerdo.,NOEn una oficina de administración,NOUna pareja va a la oficina a registrar el domicilio o a empadronarse.,0,0,5,5,4,4,En una cocina,Los han invitado a un evento y van a cocinar una tortilla de patata y están haciendo la lista de la compra y los ingredientes. ,2,1,5,5,4,4,En la casa del interlocutor,"El interlocutor cuenta las características de su caldera, que parece particular. ",1,1,5,4,2,5,No estoy de acuerdo.,
1/06/2022 20:32:34,Más de 50 años.,Español., ,,,,,,,No,,No,No estoy de acuerdo.,NOEn un colegio.,NOUn padre y una madre matriculan a su hijo.,0,1,1,1,0,1,En un domicilio particular.,No lo sé.,0,1,0,0,0,0,En una casa en el ámbito rural.,Un hombre habla sobre un sistema ecológico de calefacción.,0,1,0,1,0,1,No estoy de acuerdo.,
1/06/2022 20:36:36,Más de 50 años.,Español., ,,,,,,,No,,No,No estoy de acuerdo en absoluto.,Una oficina,Creo que esta dando sus datos personales para realizar unas gestión: matrícula. ,,2,2,2,2,2,En la cocina de un piso.,Van a preparar tortilla de patata para cenar y han hecho la lista de la compra de las cosas que necesitan y no tienen. ,2,2,2,2,2,2,En una vivienda unifamiliar con jardin.,Que se explica como funciona la energía del calor de la tierra en esa casa. ,2,2,2,2,2,2,No estoy de acuerdo.,
1/06/2022 20:45:26,Más de 50 años.,Español.,"La entiendo bien (oral y escrito), pero no la hablo",La leo y la entiendo fácilmente (escrito),,,,,,Sí,He vivido en Bilbao y ahora en Pamplona,No,No estoy de acuerdo.,En un centro educativo,Hacen la matrícula,1,1,4,4,4,4,Cocina,Hablan de cómo hacer tortilla de patatas,1,1,3,5,5,5,En un pueblo,Como están hechas las instalaciones,4,4,0,2,0,2,No estoy de acuerdo.,
1/06/2022 21:10:58,Entre 26 y 40 años.,Español.,La entiendo y la hablo bien,La leo y la entiendo fácilmente (escrito),Entiendo lo escrito de manera global,Entiendo lo escrito de manera global,"No la entiendo, ni la leo",La leo y la entiendo fácilmente (escrito),Entiendo lo escrito de manera global,Sí,Mi familia vive en San Sebastián ,No,No estoy de acuerdo en absoluto.,En una oficina ,La pareja tiene que hacer algun tipo de papeleo burocrático y le da sus datos a la mujer que trabaja allí ,0,0,4,4,2,2,En una cocina,Quieren hacer una tortilla de patata y están haciendo la lista de la compra ,0,0,1,2,0,1,Navarra,"Habla de instalaciones de calefacción, agua, etc.",0,0,0,1,0,2,No estoy de acuerdo en absoluto.,
1/06/2022 22:31:01,Más de 50 años.,"Español., Alemán",La entiendo y la hablo bien,Entiendo lo escrito de manera global,"No la entiendo, ni la leo","No la entiendo, ni la leo","No la entiendo, ni la leo",Entiendo lo escrito de manera global,"No la entiendo, ni la leo",No,,No,No estoy de acuerdo.,Oficina,Me toman los datos a una persona,0,0,5,5,4,3,Parecer que máster en hijo hacer una lista de compras,Parece que madre e hijo hace una lista de compra,0,0,4,4,3,2,En chalet de un hombre,Hablamos de la calefacción o algo así,0,0,5,5,4,3,No estoy de acuerdo.,
1/06/2022 23:20:02,Más de 50 años.,Español,"La entiendo bien (oral y escrito), pero no la hablo","La entiendo bien (oral y escrito), pero no la hablo","No la entiendo, ni la leo","No la entiendo, ni la leo","No la entiendo, ni la leo","No la entiendo, ni la leo","No la entiendo, ni la leo",No,,No,No estoy de acuerdo en absoluto.,Ni idea,Dar datos,0,0,0,0,0,0,Cocina,Ni idea,0,0,0,0,0,0,Casa,Energia,0,0,0,1,0,0,No estoy de acuerdo en absoluto.,
1/06/2022 23:21:57,Más de 50 años.,Español.,La leo y la entiendo fácilmente (escrito),La leo y la entiendo fácilmente (escrito),,,,,,No,,No,No estoy de acuerdo en absoluto.,en la secretaría de algun sitio,quiere matricularse de algo y le piden su nombre y domicilio,,5,4,3,3,3,en la cocina de una casa,hacen la lista de la compra,2,5,2,,2,2,en una casa con una instalacion de geotermia,explica como funciona la calefaccion por geotermia en su casa. creo que la persona es instalador  ,5,5,2,2,2,5,No estoy de acuerdo en absoluto.,
1/06/2022 23:34:03,Entre 26 y 40 años.,Español.,La entiendo y la hablo bien,Entiendo lo escrito de manera global,,,,,,Sí,Amigos vascos,No,No estoy de acuerdo en absoluto.,Una oficina/ secretaria,"El chico viene a matricularse en algo y la chica le pregunta sus datos nombre, apellidos direccion",0,0,3,4,3,3,Cocina,Quieren hacer una fiesta sorpresa y la chica le pide la receta para ver si tienen y sino ir a comprar,0,0,3,4,4,3,,,,,,,,,No estoy de acuerdo.,
2/06/2022 7:36:06,Entre 40 y 50 años.,Español.,La entiendo y la hablo bien,Entiendo lo escrito de manera global,Entiendo lo escrito de manera global,La entiendo y la hablo bien,"No la entiendo, ni la leo","La entiendo bien (oral y escrito), pero no la hablo","La entiendo bien (oral y escrito), pero no la hablo",No,,No,No estoy de acuerdo en absoluto.,Universidad,Una pareja llega para matricularse en algo y la administrativa toma los datos de el chico,0,2,4,3,3,3,La cocina de casa,Deciden dar una sorpresa a alguien y hacen una lista de cosas que necesitan,0,1,3,2,1,1,Casa del señor entrevistado,"El señor habla sobre la instalación de un sistema energético sostenible para la calefacción y agua caliente, lo que supone esa Ili versión y su uso en España respectó a otros países",3,5,2,2,2,4,No estoy de acuerdo.,
2/06/2022 8:57:08,Más de 50 años.,Español., ,La leo y la entiendo fácilmente (escrito),,,,Entiendo lo escrito de manera global,,Sí,Familiares viviendo en Euskadi,No,Estoy completamente de acuerdo.,Oficina,Presentando una solicitud,0,0,2,5,1,2,Cocina de casa,,,,,,,,en casa de campo,calefacccion,1,2,1,4,1,1,No estoy de acuerdo.,
2/06/2022 12:39:28,Más de 50 años.,Español.,"La entiendo y la hablo bien, La leo y la entiendo fácilmente (escrito)","La entiendo y la hablo bien, La leo y la entiendo fácilmente (escrito)",,,,,,Sí,Estudie en el colegio durante 6 años,No,No estoy de acuerdo.,En el instituto,Realizando matrícula en instituto,5,5,5,5,5,5,En casa,Preparando cena después de venir del trabajo,5,5,5,5,,3,Exterior casa ,Explicación que significa la geometría y manera se aprovechar sus ventajas,5,5,5,5,5,,No estoy de acuerdo.,
2/06/2022 22:33:16,Menos de 20 años.,Español.,La leo y la entiendo fácilmente (escrito),"La entiendo bien (oral y escrito), pero no la hablo",,,,,,No,,No,No estoy de acuerdo.,NOEn la oficina de un colegio/instituto,NOUnos padres acuden a un centro educativo para matricular a su hijo,0,0,2,2,2,1,En una cocina,Un hijo y una madre hacen la lista de la compra así como hablan del futuro universitario del chico,0,1,2,2,2,2,En el domicilio del hablante,"El hombre explica algo sobre electrodomésticos e instalaciones, quizás es un técnico especializado en calderas",0,1,0,2,0,0,No estoy de acuerdo.,
3/06/2022 9:28:47,Entre 26 y 40 años.,"Español., Gallego.",La entiendo y la hablo bien,La leo y la entiendo fácilmente (escrito),La leo y la entiendo fácilmente (escrito),La leo y la entiendo fácilmente (escrito),,La leo y la entiendo fácilmente (escrito),La entiendo y la hablo bien,Sí,"Conozco algunas expresiones cotidianas, frases o palabras gracias al cine, música o amistades dentro de la vida estudiantil. También los medios de comunicación y redes sociales ayudan a habituarme a estas.",No,No estoy de acuerdo.,NOUn colegio,NOParece ser que los padres de dos hermanos quieren matricularlos en un colegio o algo similar.,1,2,3,5,4,4,Una cocina,Redactan una lista de la compra para preparar tortilla de patatas.,1,2,3,5,4,3,Una vivienda particular,"Habla sobre la inversión que supone una instalacion geotérmica en casa y sobre los beneficios, condiciones y cual es su implantación a nivel europeo",1,2,3,5,4,4,No estoy de acuerdo.,
3/06/2022 12:00:15,Entre 26 y 40 años.,Español.,La entiendo y la hablo bien,La leo y la entiendo fácilmente (escrito),"La entiendo bien (oral y escrito), pero no la hablo",La leo y la entiendo fácilmente (escrito),"No la entiendo, ni la leo","La entiendo bien (oral y escrito), pero no la hablo","No la entiendo, ni la leo",No,,Sí,Estoy bastante de acuerdo.,En una secretaría de una institución educativa,El joven llega a esta oficina para matricularse y la secretaria le toma los datos u rellena el formulario.,1,3,3,4,3,4,En una casa particular,"Creo que están hablando sobre realizar una tortilla de patatas y, por lo tanto, están haciendo una lista de los ingredientes que van a necesitar",1,2,2,3,3,3,En la casa del señor ,Creo que habla sobre un sistema de ahorro de energía y agua en casas particulares. Compara estos nuevos sistemas de países como Noruega o Alemania con los españoles. ,1,1,1,2,1,1,Estoy bastante de acuerdo.,
3/06/2022 12:39:19,Menos de 20 años.,"Español., Italiano.",La entiendo y la hablo bien,La entiendo y la hablo bien,"La entiendo bien (oral y escrito), pero no la hablo",La entiendo y la hablo bien,Entiendo lo escrito de manera global,La leo y la entiendo fácilmente (escrito),La leo y la entiendo fácilmente (escrito),No,,Sí,No estoy de acuerdo.,NOEn una biblioteca ,NOLos dos chicos llegan y le piden a la bibliotecaria si pueden llevarse los libros prestados. La bibliotecaria les dice que sí y les pide los datos.,3,2,4,4,5,2,En la cocina de una casa.,Hay un chico y una chica que están hablando sobre cómo se realiza una receta. ,1,3,4,3,1,1,En un chalet. ,Hay un señor que habla del funcionamiento de la caldera.,3,3,4,2,2,2,No estoy de acuerdo.,
3/06/2022 13:13:09,Menos de 20 años.,Español.,La entiendo y la hablo bien,La entiendo y la hablo bien,"La entiendo bien (oral y escrito), pero no la hablo",La entiendo y la hablo bien,La leo y la entiendo fácilmente (escrito),"La entiendo bien (oral y escrito), pero no la hablo","La entiendo bien (oral y escrito), pero no la hablo",No,,No,No estoy de acuerdo.,En una oficina,Es una especie de entrevista donde se preguntan datos personales,4,4,5,5,5,2,En la cocina de una casa,Una madre y un hijo están haciendo la lista de la compra comentando qué necesitan,3,3,5,5,5,1,La casa de un señor y sus inmediaciones ,Un hombre está explicando unos mecanismos de calefacción,3,3,5,4,5,1,Estoy bastante de acuerdo.,
3/06/2022 15:15:56,Entre 26 y 40 años.,Español.,Entiendo lo escrito de manera global, ,,,,,,No,,No,No estoy de acuerdo.,NOSecretaría colegio,NOEstán matriculado al hijo en el comegio,0,0,1,5,3,3,Cocina,Hacen la lista de la compra para hacer tortilla de patatas,0,0,2,5,5,3,Jardín ,Algo sobre máquinas ,0,0,0,5,0,0,No estoy de acuerdo en absoluto.,
3/06/2022 15:18:33,Entre 26 y 40 años.,Español.,Entiendo lo escrito de manera global,"No la entiendo, ni la leo","No la entiendo, ni la leo","No la entiendo, ni la leo","No la entiendo, ni la leo","No la entiendo, ni la leo","No la entiendo, ni la leo",Sí,Tengo amigos vascos,No,No estoy de acuerdo.,Instituto o universidad,Matrícula de inscripcion,0,0,3,4,1,2,En un piso de estudiantes,Haciendo lista de la compra para hacer una tortilla de patatas,0,0,2,3,2,0,"En una casa de campo, chalet",Explicación de las ventajas de ahorro de un sistema de calefaccion,0,1,0,5,0,0,No estoy de acuerdo.,